{"cameraMode":{"drawMode":0,"name":"Shaded","section":"Shading Mode"},"sceneLighting":false,"audioPlay":false,"sceneViewState":{"m_AlwaysRefresh":false,"showFog":true,"showSkybox":false,"showFlares":true,"showImageEffects":true,"showParticleSystems":true,"showVisualEffectGraphs":true,"m_FxEnabled":true},"in2DMode":false,"pivot":{"x":-0.9367654323577881,"y":2.015798568725586,"z":-0.9443596601486206},"rotation":{"x":0.13605239987373353,"y":-0.01872152090072632,"z":0.002571519697085023,"w":0.990522027015686},"size":11.935507774353028,"orthographic":false}